idx,id,url
31,DPE_u8ysH4w,https://www.youtube.com/watch?v=DPE_u8ysH4w
28,jTCl8399Xj8,https://www.youtube.com/watch?v=jTCl8399Xj8
13,Fd4DXJKkZos,https://www.youtube.com/watch?v=Fd4DXJKkZos
12,7dgnMd6E34c,https://www.youtube.com/watch?v=7dgnMd6E34c
11,JxuA2g-H0aE,https://www.youtube.com/watch?v=JxuA2g-H0aE
10,2046lZM9uZw,https://www.youtube.com/watch?v=2046lZM9uZw
9,85XJUDB5bD4,https://www.youtube.com/watch?v=85XJUDB5bD4
8,ZsIE99VQs00,https://www.youtube.com/watch?v=ZsIE99VQs00
7,APBP6AgXV6Q,https://www.youtube.com/watch?v=APBP6AgXV6Q
5,F5jqrdTJ5qc,https://www.youtube.com/watch?v=F5jqrdTJ5qc
4,3aZW81GYBOM,https://www.youtube.com/watch?v=3aZW81GYBOM
3,wZp6wAoFvJQ,https://www.youtube.com/watch?v=wZp6wAoFvJQ
0,WP5PP0mYi6Q,https://www.youtube.com/watch?v=WP5PP0mYi6Q
